사고번호,사고일시,요일,시군구,사고내용,사망자수,중상자수,경상자수,부상신고자수,사고유형,법규위반,노면상태,기상상태,도로형태,가해운전자 차종,가해운전자 성별,가해운전자 연령,가해운전자 상해정도,피해운전자 차종,피해운전자 성별,피해운전자 연령,피해운전자 상해정도
2021091100100557,2021년 9월 11일 19시,토요일,강원도 정선군 화암면,중상사고,0,1,0,0,차대사람 - 기타,안전운전불이행,포장 - 건조,맑음,단일로 - 교량,화물,남,51세,상해없음,보행자,남,58세,중상
2021091100100636,2021년 9월 11일 21시,토요일,강원도 영월군 영월읍,중상사고,0,1,0,0,차대사람 - 횡단중,보행자보호의무위반,포장 - 건조,맑음,교차로 - 교차로부근,승용,여,26세,상해없음,보행자,여,43세,중상
2021091200100057,2021년 9월 12일 09시,일요일,강원도 양구군 국토정중앙면,사망사고,1,0,0,0,차대사람 - 기타,안전운전불이행,포장 - 서리/결빙,맑음,단일로 - 기타,승용,남,56세,상해없음,보행자,남,85세,사망
2021091200100302,2021년 9월 12일 17시,일요일,강원도 원주시 태장동,경상사고,0,0,1,0,차대사람 - 횡단중,보행자보호의무위반,포장 - 건조,맑음,교차로 - 교차로횡단보도내,승용,남,65세,상해없음,보행자,여,87세,경상
2021091200100439,2021년 9월 12일 22시,일요일,강원도 속초시 교동,경상사고,0,0,1,0,차대사람 - 횡단중,보행자보호의무위반,포장 - 건조,맑음,교차로 - 교차로횡단보도내,승용,남,55세,상해없음,보행자,남,52세,경상
2021091300100083,2021년 9월 13일 08시,월요일,강원도 횡성군 횡성읍,중상사고,0,1,0,0,차대사람 - 기타,안전운전불이행,포장 - 건조,맑음,주차장 - 주차장,승용,남,75세,상해없음,보행자,여,83세,중상
2021091300100200,2021년 9월 13일 11시,월요일,강원도 홍천군 홍천읍,경상사고,0,0,1,0,차대사람 - 기타,안전운전불이행,포장 - 건조,맑음,단일로 - 기타,승용,남,64세,상해없음,보행자,여,82세,경상
2021091300100613,2021년 9월 13일 21시,월요일,강원도 강릉시 입암동,중상사고,0,1,0,0,차대사람 - 횡단중,안전운전불이행,포장 - 건조,맑음,단일로 - 기타,승용,남,35세,상해없음,보행자,남,68세,중상
2021091300100641,2021년 9월 13일 22시,월요일,강원도 속초시 조양동,중상사고,0,1,0,0,차대사람 - 횡단중,안전운전불이행,포장 - 젖음/습기,흐림,단일로 - 고가도로위,승용,남,67세,상해없음,보행자,남,65세,중상
2021091400100148,2021년 9월 14일 09시,화요일,강원도 원주시 개운동,경상사고,0,0,1,0,차대사람 - 기타,안전운전불이행,포장 - 건조,맑음,교차로 - 교차로부근,승용,남,65세,상해없음,보행자,남,19세,경상
2021091400100649,2021년 9월 14일 20시,화요일,강원도 원주시 명륜동,중상사고,0,1,0,0,차대사람 - 기타,안전운전불이행,포장 - 건조,맑음,교차로 - 교차로안,승용,남,49세,상해없음,보행자,남,58세,중상
2021091500100105,2021년 9월 15일 08시,수요일,강원도 정선군 고한읍,경상사고,0,0,1,0,차대사람 - 횡단중,안전운전불이행,포장 - 건조,맑음,단일로 - 기타,승용,여,41세,상해없음,보행자,여,11세,경상
2021091500100197,2021년 9월 15일 10시,수요일,강원도 강릉시 회산동,중상사고,0,1,0,0,차대사람 - 기타,안전운전불이행,포장 - 건조,맑음,교차로 - 교차로안,승합,남,72세,상해없음,보행자,여,82세,중상
2021091500100354,2021년 9월 15일 14시,수요일,강원도 춘천시 근화동,경상사고,0,0,1,0,차대사람 - 기타,안전운전불이행,포장 - 건조,맑음,단일로 - 기타,승용,남,71세,상해없음,보행자,남,27세,경상
2021091500100356,2021년 9월 15일 14시,수요일,강원도 강릉시 교동,경상사고,0,0,1,0,차대사람 - 기타,신호위반,포장 - 건조,맑음,교차로 - 교차로안,승합,남,50세,상해없음,보행자,여,10세,경상
2021091500100358,2021년 9월 15일 14시,수요일,강원도 동해시 천곡동,경상사고,0,0,1,0,차대사람 - 기타,안전운전불이행,포장 - 건조,맑음,기타 - 기타,승용,여,40세,상해없음,보행자,남,64세,경상
2021091500100405,2021년 9월 15일 15시,수요일,강원도 동해시 천곡동,경상사고,0,0,1,0,차대사람 - 보도통행중,기타,포장 - 건조,맑음,기타 - 기타,승용,남,32세,상해없음,보행자,여,78세,경상
2021091500100627,2021년 9월 15일 19시,수요일,강원도 강릉시 교동,경상사고,0,0,1,0,차대사람 - 횡단중,보행자보호의무위반,포장 - 건조,맑음,교차로 - 교차로횡단보도내,승용,남,30세,상해없음,보행자,여,21세,경상
2021091600100138,2021년 9월 16일 09시,목요일,강원도 횡성군 횡성읍,중상사고,0,1,0,0,차대사람 - 횡단중,안전운전불이행,포장 - 건조,맑음,교차로 - 교차로안,화물,여,63세,상해없음,보행자,남,74세,중상
2021091600100423,2021년 9월 16일 16시,목요일,강원도 정선군 정선읍,경상사고,0,0,1,0,차대사람 - 횡단중,안전운전불이행,포장 - 건조,맑음,단일로 - 기타,승용,남,23세,상해없음,보행자,남,53세,경상
2021091600100510,2021년 9월 16일 18시,목요일,강원도 원주시 단구동,경상사고,0,0,1,0,차대사람 - 기타,안전운전불이행,포장 - 건조,맑음,교차로 - 교차로부근,승용,남,32세,상해없음,보행자,남,65세,경상
2021091700100086,2021년 9월 17일 08시,금요일,강원도 춘천시 우두동,경상사고,0,0,1,0,차대사람 - 횡단중,보행자보호의무위반,포장 - 건조,맑음,교차로 - 교차로횡단보도내,승용,남,47세,상해없음,보행자,남,8세,경상
2021091700100088,2021년 9월 17일 08시,금요일,강원도 양구군 양구읍,부상신고사고,0,0,0,1,차대사람 - 횡단중,안전운전불이행,포장 - 건조,맑음,교차로 - 교차로부근,화물,남,64세,상해없음,보행자,여,79세,부상신고
2021091700100140,2021년 9월 17일 09시,금요일,강원도 원주시 호저면,중상사고,0,1,0,0,차대사람 - 기타,안전운전불이행,포장 - 건조,맑음,단일로 - 기타,승용,여,42세,상해없음,보행자,남,81세,중상
2021091700100276,2021년 9월 17일 12시,금요일,강원도 춘천시 후평동,부상신고사고,0,0,0,1,차대사람 - 기타,안전운전불이행,포장 - 건조,맑음,교차로 - 교차로안,승용,여,64세,상해없음,보행자,남,72세,부상신고
2021091700100429,2021년 9월 17일 15시,금요일,강원도 정선군 사북읍,중상사고,0,1,0,0,차대사람 - 보도통행중,안전운전불이행,포장 - 젖음/습기,비,단일로 - 기타,화물,남,82세,상해없음,보행자,여,73세,중상
2021091700100486,2021년 9월 17일 16시,금요일,강원도 춘천시 신동면,경상사고,0,0,1,0,차대사람 - 기타,안전운전불이행,포장 - 건조,맑음,단일로 - 기타,자전거,남,53세,상해없음,보행자,여,56세,경상
2021091700100488,2021년 9월 17일 16시,금요일,강원도 원주시 관설동,경상사고,0,0,1,0,차대사람 - 차도통행중,안전운전불이행,포장 - 건조,맑음,단일로 - 기타,승용,여,46세,상해없음,보행자,여,11세,경상
2021091700100665,2021년 9월 17일 19시,금요일,강원도 원주시 무실동,중상사고,0,1,0,0,차대사람 - 횡단중,보행자보호의무위반,포장 - 건조,맑음,단일로 - 기타,화물,여,54세,기타불명,보행자,여,61세,중상
2021091700100787,2021년 9월 17일 22시,금요일,강원도 원주시 일산동,중상사고,0,1,0,0,차대사람 - 횡단중,과속,포장 - 건조,맑음,단일로 - 기타,승용,남,58세,상해없음,보행자,남,63세,중상
2021091800100145,2021년 9월 18일 10시,토요일,강원도 화천군 화천읍,경상사고,0,0,1,0,차대사람 - 횡단중,안전운전불이행,포장 - 건조,맑음,단일로 - 기타,화물,남,54세,상해없음,보행자,여,78세,경상
2021091800100382,2021년 9월 18일 15시,토요일,강원도 철원군 동송읍,경상사고,0,0,1,0,차대사람 - 기타,안전운전불이행,포장 - 건조,맑음,기타 - 기타,승용,여,56세,기타불명,보행자,여,56세,경상
2021091800100473,2021년 9월 18일 17시,토요일,강원도 원주시 부론면,사망사고,1,0,0,0,차대사람 - 차도통행중,안전운전불이행,포장 - 건조,맑음,단일로 - 교량,화물,남,41세,상해없음,보행자,여,90세,사망
2021091800100562,2021년 9월 18일 19시,토요일,강원도 춘천시 석사동,중상사고,0,1,0,0,차대사람 - 기타,안전운전불이행,포장 - 건조,맑음,단일로 - 기타,자전거,여,54세,상해없음,보행자,여,52세,중상
2021091800100595,2021년 9월 18일 20시,토요일,강원도 속초시 금호동,경상사고,0,0,1,0,차대사람 - 차도통행중,안전운전불이행,포장 - 건조,맑음,교차로 - 교차로부근,자전거,남,53세,상해없음,보행자,남,53세,경상
2021091900100009,2021년 9월 19일 01시,일요일,강원도 원주시 단계동,경상사고,0,0,1,0,차대사람 - 기타,안전운전불이행,포장 - 건조,맑음,교차로 - 교차로안,화물,남,60세,상해없음,보행자,남,29세,경상
2021091900100036,2021년 9월 19일 06시,일요일,강원도 원주시 소초면,경상사고,0,0,1,0,차대사람 - 기타,안전운전불이행,포장 - 건조,맑음,단일로 - 기타,화물,남,48세,상해없음,보행자,남,30세,경상
2021091900100116,2021년 9월 19일 11시,일요일,강원도 양양군 양양읍,중상사고,0,1,0,0,차대사람 - 횡단중,안전운전불이행,포장 - 건조,맑음,교차로 - 교차로부근,승용,여,64세,상해없음,보행자,여,82세,중상
2021091900100310,2021년 9월 19일 17시,일요일,강원도 화천군 사내면,경상사고,0,0,1,0,차대사람 - 기타,안전운전불이행,포장 - 건조,맑음,기타 - 기타,승용,남,41세,상해없음,보행자,여,29세,경상
2021092000100037,2021년 9월 20일 06시,월요일,강원도 정선군 정선읍,경상사고,0,0,1,0,차대사람 - 기타,안전운전불이행,포장 - 건조,맑음,단일로 - 기타,화물,남,79세,상해없음,보행자,남,19세,경상
2021092000100280,2021년 9월 20일 16시,월요일,강원도 원주시 단계동,경상사고,0,0,2,0,차대사람 - 횡단중,보행자보호의무위반,포장 - 건조,맑음,교차로 - 교차로횡단보도내,승용,남,24세,상해없음,보행자,여,17세,경상
2021092100100205,2021년 9월 21일 16시,화요일,강원도 속초시 교동,중상사고,0,1,0,0,차대사람 - 횡단중,안전운전불이행,포장 - 건조,맑음,교차로 - 교차로부근,승용,남,37세,상해없음,보행자,여,87세,중상
2021092300100190,2021년 9월 23일 11시,목요일,강원도 평창군 진부면,경상사고,0,0,1,0,차대사람 - 길가장자리구역통행중,보행자보호의무위반,포장 - 건조,흐림,기타 - 기타,승용,남,70세,상해없음,보행자,여,66세,경상
2021092300100292,2021년 9월 23일 14시,목요일,강원도 속초시 교동,경상사고,0,0,1,0,차대사람 - 횡단중,안전운전불이행,포장 - 건조,맑음,주차장 - 주차장,승용,여,45세,상해없음,보행자,여,56세,경상
2021092300100577,2021년 9월 23일 22시,목요일,강원도 춘천시 소양로2가,경상사고,0,0,1,0,차대사람 - 기타,안전운전불이행,포장 - 건조,맑음,단일로 - 기타,승용,남,24세,상해없음,보행자,남,54세,경상
2021092400100169,2021년 9월 24일 11시,금요일,강원도 원주시 명륜동,경상사고,0,0,1,0,차대사람 - 기타,기타,포장 - 건조,맑음,단일로 - 기타,승용,남,49세,기타불명,보행자,남,55세,경상
2021092400100313,2021년 9월 24일 15시,금요일,강원도 동해시 천곡동,중상사고,0,1,0,0,차대사람 - 기타,안전운전불이행,포장 - 건조,맑음,기타 - 기타,승용,남,67세,상해없음,보행자,남,20세,중상
2021092400100539,2021년 9월 24일 21시,금요일,강원도 평창군 용평면,경상사고,0,0,1,0,차대사람 - 기타,안전운전불이행,비포장 - 건조,맑음,주차장 - 주차장,승용,여,40세,상해없음,보행자,여,48세,경상
2021092600100050,2021년 9월 26일 08시,일요일,강원도 홍천군 서면,중상사고,0,1,0,0,차대사람 - 횡단중,안전운전불이행,포장 - 건조,맑음,단일로 - 지하차도(도로)내,화물,남,61세,상해없음,보행자,남,59세,중상
2021092600100301,2021년 9월 26일 18시,일요일,강원도 홍천군 화촌면,사망사고,1,0,0,0,차대사람 - 횡단중,안전운전불이행,포장 - 건조,맑음,단일로 - 기타,화물,남,80세,상해없음,보행자,여,69세,사망
2021092700100002,2021년 9월 27일 00시,월요일,강원도 원주시 단계동,경상사고,0,0,1,0,차대사람 - 차도통행중,안전운전불이행,포장 - 건조,맑음,단일로 - 기타,승용,남,59세,상해없음,보행자,남,52세,경상
2021092700100140,2021년 9월 27일 10시,월요일,강원도 원주시 흥업면,중상사고,0,1,0,0,차대사람 - 횡단중,안전운전불이행,포장 - 건조,맑음,기타 - 기타,승용,남,63세,상해없음,보행자,여,90세,중상
2021092800100172,2021년 9월 28일 11시,화요일,강원도 태백시 황지동,중상사고,0,1,1,0,차대사람 - 횡단중,보행자보호의무위반,포장 - 건조,맑음,단일로 - 기타,화물,남,69세,상해없음,보행자,남,86세,경상
2021092800100228,2021년 9월 28일 13시,화요일,강원도 속초시 조양동,경상사고,0,0,1,0,차대사람 - 기타,안전운전불이행,포장 - 건조,맑음,교차로 - 교차로부근,승합,남,49세,상해없음,보행자,남,58세,경상
2021092800100354,2021년 9월 28일 17시,화요일,강원도 춘천시 효자동,경상사고,0,0,1,0,차대사람 - 기타,안전운전불이행,포장 - 건조,맑음,단일로 - 기타,자전거,여,45세,상해없음,보행자,여,62세,경상
2021092800100355,2021년 9월 28일 17시,화요일,강원도 삼척시 교동,경상사고,0,0,1,0,차대사람 - 횡단중,보행자보호의무위반,포장 - 건조,맑음,교차로 - 교차로횡단보도내,승용,남,23세,상해없음,보행자,여,62세,경상
2021092800100551,2021년 9월 28일 21시,화요일,강원도 춘천시 효자동,경상사고,0,0,1,0,차대사람 - 횡단중,보행자보호의무위반,포장 - 젖음/습기,맑음,교차로 - 교차로횡단보도내,이륜,남,27세,상해없음,보행자,여,14세,경상
2021092800100552,2021년 9월 28일 21시,화요일,강원도 춘천시 온의동,중상사고,0,1,0,0,차대사람 - 횡단중,보행자보호의무위반,포장 - 젖음/습기,비,단일로 - 기타,승용,남,45세,상해없음,보행자,여,58세,중상
2021092900100537,2021년 9월 29일 20시,수요일,강원도 동해시 평릉동,중상사고,0,1,0,0,차대사람 - 횡단중,안전운전불이행,포장 - 젖음/습기,비,단일로 - 기타,승용,남,49세,상해없음,보행자,남,14세,중상
2021092900100600,2021년 9월 29일 22시,수요일,강원도 삼척시 남양동,중상사고,0,1,0,0,차대사람 - 횡단중,안전운전불이행,포장 - 젖음/습기,비,기타 - 기타,승용,남,84세,상해없음,보행자,여,62세,중상
2021093000100353,2021년 9월 30일 15시,목요일,강원도 원주시 단계동,중상사고,0,1,0,0,차대사람 - 횡단중,안전운전불이행,포장 - 건조,맑음,교차로 - 교차로안,화물,남,49세,상해없음,보행자,여,76세,중상
2021093000100399,2021년 9월 30일 16시,목요일,강원도 동해시 천곡동,중상사고,0,1,0,0,차대사람 - 기타,안전운전불이행,포장 - 건조,맑음,기타 - 기타,화물,남,35세,상해없음,보행자,여,40세,중상
2021093000100508,2021년 9월 30일 18시,목요일,강원도 춘천시 칠전동,경상사고,0,0,1,0,차대사람 - 길가장자리구역통행중,안전운전불이행,포장 - 건조,맑음,단일로 - 기타,승용,남,25세,상해없음,보행자,남,27세,경상
2021093000100509,2021년 9월 30일 18시,목요일,강원도 동해시 묵호진동,경상사고,0,0,1,0,차대사람 - 횡단중,안전운전불이행,포장 - 건조,맑음,교차로 - 교차로안,승용,남,61세,상해없음,보행자,남,14세,경상
2021100100100567,2021년 10월 1일 19시,금요일,강원도 횡성군 횡성읍,경상사고,0,0,1,0,차대사람 - 차도통행중,안전운전불이행,포장 - 건조,맑음,교차로 - 교차로안,승용,남,76세,상해없음,보행자,남,80세,경상
2021100100100709,2021년 10월 1일 23시,금요일,강원도 원주시 개운동,중상사고,0,1,0,0,차대사람 - 횡단중,신호위반,포장 - 건조,맑음,교차로 - 교차로횡단보도내,이륜,남,17세,상해없음,보행자,여,40세,중상
2021100200100012,2021년 10월 2일 01시,토요일,강원도 춘천시 온의동,경상사고,0,0,1,0,차대사람 - 횡단중,신호위반,포장 - 건조,맑음,교차로 - 교차로횡단보도내,승용,남,66세,상해없음,보행자,남,63세,경상
2021100200100067,2021년 10월 2일 08시,토요일,강원도 원주시 일산동,경상사고,0,0,1,0,차대사람 - 횡단중,교차로운행방법위반,포장 - 건조,맑음,단일로 - 기타,화물,남,63세,상해없음,보행자,남,35세,경상
2021100200100218,2021년 10월 2일 12시,토요일,강원도 원주시 관설동,중상사고,0,1,0,0,차대사람 - 횡단중,기타,포장 - 건조,맑음,교차로 - 교차로부근,이륜,남,32세,상해없음,보행자,남,25세,중상
2021100200100220,2021년 10월 2일 12시,토요일,강원도 속초시 교동,경상사고,0,0,1,0,차대사람 - 보도통행중,기타,포장 - 건조,맑음,단일로 - 고가도로위,개인형이동수단(PM),남,26세,상해없음,보행자,여,64세,경상
2021100200100221,2021년 10월 2일 12시,토요일,강원도 동해시 묵호진동,경상사고,0,0,1,0,차대사람 - 기타,안전운전불이행,포장 - 건조,맑음,단일로 - 기타,승용,남,56세,상해없음,보행자,여,7세,경상
2021100200100331,2021년 10월 2일 15시,토요일,강원도 홍천군 홍천읍,중상사고,0,1,0,0,차대사람 - 횡단중,안전운전불이행,포장 - 건조,맑음,단일로 - 지하차도(도로)내,승용,여,54세,상해없음,보행자,여,91세,중상
2021100200100382,2021년 10월 2일 16시,토요일,강원도 정선군 정선읍,사망사고,1,0,0,0,차대사람 - 기타,기타,포장 - 건조,맑음,단일로 - 기타,화물,남,64세,상해없음,보행자,남,64세,사망
2021100200100422,2021년 10월 2일 17시,토요일,강원도 속초시 동명동,경상사고,0,0,1,0,차대사람 - 기타,기타,포장 - 건조,맑음,단일로 - 기타,승용,남,59세,상해없음,보행자,여,17세,경상
2021100200100459,2021년 10월 2일 18시,토요일,강원도 원주시 문막읍,경상사고,0,0,1,0,차대사람 - 횡단중,신호위반,포장 - 건조,흐림,교차로 - 교차로횡단보도내,승용,여,56세,상해없음,보행자,남,48세,경상
2021100300100119,2021년 10월 3일 11시,일요일,강원도 태백시 황지동,경상사고,0,0,1,0,차대사람 - 기타,안전운전불이행,포장 - 건조,맑음,기타 - 기타,화물,남,50세,기타불명,보행자,남,51세,경상
2021100300100264,2021년 10월 3일 15시,일요일,강원도 동해시 묵호진동,경상사고,0,0,1,0,차대사람 - 길가장자리구역통행중,안전운전불이행,포장 - 건조,맑음,단일로 - 기타,승용,남,42세,상해없음,보행자,여,52세,경상
2021100300100327,2021년 10월 3일 17시,일요일,강원도 속초시 대포동,경상사고,0,0,1,0,차대사람 - 횡단중,안전운전불이행,포장 - 건조,맑음,단일로 - 고가도로위,자전거,여,57세,상해없음,보행자,여,43세,경상
2021100400100350,2021년 10월 4일 18시,월요일,강원도 춘천시 신북읍,중상사고,0,2,0,0,차대사람 - 기타,안전운전불이행,포장 - 건조,맑음,단일로 - 기타,승용,남,77세,상해없음,보행자,여,72세,중상
2021100400100351,2021년 10월 4일 18시,월요일,강원도 원주시 지정면,경상사고,0,0,3,0,차대사람 - 기타,안전운전불이행,포장 - 건조,맑음,교차로 - 교차로안,승용,남,38세,상해없음,보행자,여,39세,경상
2021100500100119,2021년 10월 5일 09시,화요일,강원도 영월군 영월읍,중상사고,0,1,0,0,차대사람 - 횡단중,안전운전불이행,포장 - 건조,맑음,교차로 - 교차로안,화물,남,62세,상해없음,보행자,여,66세,중상
2021100500100490,2021년 10월 5일 18시,화요일,강원도 양구군 양구읍,경상사고,0,0,1,0,차대사람 - 횡단중,신호위반,포장 - 젖음/습기,비,단일로 - 기타,이륜,남,43세,상해없음,보행자,남,62세,경상
2021100600100453,2021년 10월 6일 18시,수요일,강원도 강릉시 포남동,중상사고,0,1,0,0,차대사람 - 횡단중,신호위반,포장 - 젖음/습기,비,단일로 - 기타,이륜,남,36세,상해없음,보행자,여,60세,중상
2021100600100497,2021년 10월 6일 19시,수요일,강원도 속초시 장사동,경상사고,0,0,1,0,차대사람 - 차도통행중,안전운전불이행,포장 - 젖음/습기,비,교차로 - 교차로부근,승용,여,57세,상해없음,보행자,남,28세,경상
2021100700100091,2021년 10월 7일 08시,목요일,강원도 원주시 관설동,중상사고,0,1,0,0,차대사람 - 횡단중,보행자보호의무위반,포장 - 젖음/습기,비,교차로 - 교차로횡단보도내,승용,여,74세,상해없음,보행자,여,17세,중상
2021100700100578,2021년 10월 7일 22시,목요일,강원도 태백시 화전동,사망사고,1,0,0,0,차대사람 - 기타,안전운전불이행,포장 - 건조,맑음,단일로 - 기타,승용,남,59세,상해없음,보행자,남,52세,사망
2021100800100302,2021년 10월 8일 14시,금요일,강원도 춘천시 온의동,중상사고,0,1,0,0,차대사람 - 횡단중,안전운전불이행,포장 - 건조,맑음,단일로 - 기타,승용,남,33세,상해없음,보행자,남,60세,중상
2021100800100337,2021년 10월 8일 15시,금요일,강원도 원주시 행구동,중상사고,0,1,0,0,차대사람 - 차도통행중,안전운전불이행,포장 - 젖음/습기,비,교차로 - 교차로부근,승용,여,26세,상해없음,보행자,남,18세,중상
2021100800100612,2021년 10월 8일 20시,금요일,강원도 원주시 무실동,중상사고,0,1,0,0,차대사람 - 횡단중,신호위반,포장 - 젖음/습기,비,교차로 - 교차로횡단보도내,승용,여,63세,상해없음,보행자,남,23세,중상
2021100800100613,2021년 10월 8일 20시,금요일,강원도 태백시 장성동,중상사고,0,1,0,0,차대사람 - 횡단중,보행자보호의무위반,포장 - 젖음/습기,비,교차로 - 교차로안,승용,여,52세,상해없음,보행자,남,48세,중상
2021100800100614,2021년 10월 8일 20시,금요일,강원도 동해시 구미동,중상사고,0,1,0,0,차대사람 - 횡단중,보행자보호의무위반,포장 - 젖음/습기,흐림,단일로 - 기타,승용,남,53세,상해없음,보행자,여,73세,중상
2021100900100381,2021년 10월 9일 18시,토요일,강원도 태백시 화전동,경상사고,0,0,1,0,차대사람 - 차도통행중,신호위반,포장 - 젖음/습기,비,교차로 - 교차로부근,승용,남,40세,기타불명,보행자,남,69세,경상
2021101000100316,2021년 10월 10일 17시,일요일,강원도 홍천군 홍천읍,중상사고,0,1,0,0,차대사람 - 횡단중,보행자보호의무위반,포장 - 젖음/습기,비,단일로 - 기타,화물,남,49세,상해없음,보행자,여,76세,중상
2021101000100399,2021년 10월 10일 19시,일요일,강원도 원주시 단구동,중상사고,0,1,0,0,차대사람 - 횡단중,안전운전불이행,포장 - 젖음/습기,비,교차로 - 교차로부근,승용,여,63세,상해없음,보행자,남,75세,중상
2021101100100163,2021년 10월 11일 12시,월요일,강원도 춘천시 후평동,경상사고,0,0,1,0,차대사람 - 횡단중,안전운전불이행,포장 - 건조,맑음,교차로 - 교차로횡단보도내,승용,남,81세,상해없음,보행자,남,49세,경상
2021101200100017,2021년 10월 12일 04시,화요일,강원도 원주시 단구동,중상사고,0,1,0,0,차대사람 - 횡단중,보행자보호의무위반,포장 - 건조,기타,교차로 - 교차로횡단보도내,승용,남,28세,상해없음,보행자,남,93세,중상
2021101200100535,2021년 10월 12일 21시,화요일,강원도 동해시 평릉동,경상사고,0,0,1,0,차대사람 - 보도통행중,안전운전불이행,포장 - 건조,맑음,기타 - 기타,개인형이동수단(PM),여,26세,상해없음,보행자,여,48세,경상
2021101300100158,2021년 10월 13일 10시,수요일,강원도 홍천군 홍천읍,경상사고,0,0,1,0,차대사람 - 기타,기타,포장 - 건조,맑음,기타 - 기타,화물,남,62세,상해없음,보행자,남,66세,경상
2021101300100246,2021년 10월 13일 13시,수요일,강원도 속초시 교동,경상사고,0,0,1,0,차대사람 - 차도통행중,안전운전불이행,포장 - 건조,맑음,단일로 - 기타,승용,여,43세,상해없음,보행자,여,8세,경상
2021101300100410,2021년 10월 13일 17시,수요일,강원도 속초시 노학동,경상사고,0,0,1,0,차대사람 - 보도통행중,안전운전불이행,포장 - 건조,맑음,교차로 - 교차로안,화물,남,34세,상해없음,보행자,여,76세,경상
2021101400100067,2021년 10월 14일 07시,목요일,강원도 홍천군 홍천읍,경상사고,0,0,1,0,차대사람 - 횡단중,안전운전불이행,포장 - 건조,맑음,단일로 - 기타,승용,여,39세,상해없음,보행자,여,44세,경상
2021101400100255,2021년 10월 14일 12시,목요일,강원도 원주시 단구동,중상사고,0,1,0,0,차대사람 - 차도통행중,안전운전불이행,포장 - 건조,맑음,교차로 - 교차로부근,승용,여,60세,상해없음,보행자,여,62세,중상
2021101400100492,2021년 10월 14일 18시,목요일,강원도 삼척시 정상동,중상사고,0,1,0,0,차대사람 - 횡단중,신호위반,포장 - 건조,맑음,기타 - 기타,승합,여,70세,상해없음,보행자,남,55세,중상
2021101400100494,2021년 10월 14일 18시,목요일,강원도 화천군 사내면,경상사고,0,0,1,0,차대사람 - 횡단중,안전운전불이행,포장 - 건조,맑음,교차로 - 교차로안,승용,남,45세,상해없음,보행자,남,65세,경상
2021101500100031,2021년 10월 15일 06시,금요일,강원도 원주시 관설동,경상사고,0,0,1,0,차대사람 - 횡단중,보행자보호의무위반,포장 - 건조,맑음,교차로 - 교차로횡단보도내,승용,남,48세,상해없음,보행자,남,48세,경상
2021101500100083,2021년 10월 15일 08시,금요일,강원도 삼척시 원덕읍,경상사고,0,0,1,0,차대사람 - 기타,안전운전불이행,포장 - 젖음/습기,흐림,교차로 - 교차로안,화물,남,50세,상해없음,보행자,여,76세,경상
2021101500100165,2021년 10월 15일 10시,금요일,강원도 춘천시 온의동,경상사고,0,0,1,0,차대사람 - 횡단중,보행자보호의무위반,포장 - 건조,맑음,교차로 - 교차로횡단보도내,승용,남,61세,상해없음,보행자,여,72세,경상
2021101500100274,2021년 10월 15일 13시,금요일,강원도 태백시 황지동,중상사고,0,1,0,0,차대사람 - 기타,안전운전불이행,포장 - 젖음/습기,비,단일로 - 기타,승합,남,45세,상해없음,보행자,여,66세,중상
2021101500100372,2021년 10월 15일 16시,금요일,강원도 춘천시 후평동,경상사고,0,0,1,0,차대사람 - 기타,안전운전불이행,포장 - 건조,맑음,단일로 - 기타,승용,남,47세,기타불명,보행자,남,66세,경상
2021101500100570,2021년 10월 15일 20시,금요일,강원도 원주시 단계동,경상사고,0,0,1,0,차대사람 - 길가장자리구역통행중,기타,포장 - 건조,맑음,단일로 - 기타,승용,남,69세,상해없음,보행자,남,24세,경상
2021101500100606,2021년 10월 15일 21시,금요일,강원도 태백시 황지동,중상사고,0,1,0,0,차대사람 - 차도통행중,안전운전불이행,포장 - 젖음/습기,비,단일로 - 기타,승용,남,41세,상해없음,보행자,여,30세,중상
2021101600100272,2021년 10월 16일 14시,토요일,강원도 춘천시 운교동,중상사고,0,1,0,0,차대사람 - 보도통행중,기타,포장 - 건조,맑음,단일로 - 기타,개인형이동수단(PM),남,15세,상해없음,보행자,여,75세,중상
2021101600100273,2021년 10월 16일 14시,토요일,강원도 원주시 중앙동,경상사고,0,0,1,0,차대사람 - 차도통행중,안전운전불이행,포장 - 건조,맑음,단일로 - 기타,승용,여,53세,상해없음,보행자,남,60세,경상
2021101600100274,2021년 10월 16일 14시,토요일,강원도 양양군 강현면,경상사고,0,0,1,0,차대사람 - 길가장자리구역통행중,안전운전불이행,포장 - 건조,맑음,단일로 - 교량,자전거,남,30세,상해없음,보행자,여,31세,경상
2021101600100357,2021년 10월 16일 17시,토요일,강원도 춘천시 퇴계동,경상사고,0,0,1,0,차대사람 - 횡단중,신호위반,포장 - 건조,맑음,교차로 - 교차로횡단보도내,이륜,남,32세,상해없음,보행자,남,50세,경상
2021101600100358,2021년 10월 16일 17시,토요일,강원도 춘천시 퇴계동,경상사고,0,0,1,0,차대사람 - 차도통행중,안전운전불이행,포장 - 건조,맑음,교차로 - 교차로부근,기타불명,기타불명,미분류,기타불명,보행자,남,36세,경상
2021101700100160,2021년 10월 17일 13시,일요일,강원도 삼척시 남양동,경상사고,0,0,1,0,차대사람 - 횡단중,보행자보호의무위반,포장 - 건조,맑음,교차로 - 교차로횡단보도내,승용,남,60세,상해없음,보행자,남,48세,경상